46161,
46393,"でも、3,4ヶ月前くらいから、"
46835,(12月30日)から
46840,(去年の5月頃から
46841,(現在20代後半)から
46842,(現在40代)から
46843,(産前から
46848,)、かなり昔から
46854,"1,2年ほど前から、"
46855,1.5から
46857,1.ヶ月前から
46858,10ヶ月くらい前から
46860,10代から
46861,10代のころから
46862,10代の後半頃から
46863,10代の時から
46866,10代の頃から
46873,10代の頃から、
46875,10代前半頃から
46876,10代後半の頃より
46877,10分ほど放置したらヒリヒリしてから
46878,10年くらい前から
46880,10年くらい前から、
46881,10年ぐらい前から
46882,10年ぐらい前から、
46883,10年ほど前から
46899,10年ほど前から、
46907,10年ほど前からから
46908,10年ほど前より
46909,10年以上前/昔から
46910,10年以上前から
46917,10年以上前から、
46921,10年以上昔から
46922,10年前から
46932,10年前から、
46933,10年前くらいから
46935,10年前くらいから、
46936,10年前くらい前から
46937,10年前ぐらいから
46939,10年前に就職をしてから、
46940,10年前ほどから
46941,10年前位から、
46942,10年程前から
46948,10年程前に強制猥褻未遂、DV他等にあってから
46949,10年近く前から、
46950,10数年前から
46952,10日くらい前から
46954,10日程前から
46955,10時から
46957,10時半から
46958,10月ごろから
46960,10月に生理がきてから
46961,10月中旬から
46962,10月頃から
46964,10歳くらいから
46966,11月7日から
46967,11月から
46969,11月ごろから、
46970,11月に入った頃から
46971,11月に入ってから
46972,11月上旬から
46973,11月中頃から
46974,11月前から
46975,11月頃から
46976,11歳の娘が5日前から、
46977,12/5から
46978,12年前から
46980,12月31日から
46981,12月から
46983,12月くらいから
46984,12月に入ってから、
46986,12月より
46987,12月中旬から、
46988,12月中頃から、
46989,12月末頃から
46990,12月頃から
46991,130から
46992,13年前から
46993,15年くらい前から
46995,15年くらい前から、
46996,15年ほど前から
47001,15年ほど前から、
47005,15年ほど前の思春期の頃から、
47007,15年前から
47009,15年前より
47010,15年程前から
47011,15歳の時から、
47012,15歳位から
47013,16年3月から
47014,16年の11月から
47015,16歳の長女、10か月ほど前から
47018,18から
47019,18の頃から
47020,18歳くらいから
47021,18歳ぐらいから、
47023,18歳ごろから
47024,18歳になってから
47025,19歳から
47027,19歳くらいの時から
47028,1か月ほど前から
47036,1か月ほど前から、
47038,1か月前から
47040,1か月前から、
47043,1か月前くらいから
47044,1か月前くらいから、
47045,1か月前位から、
47047,1か月前頃から、
47048,1か月近く前から
47051,1ケ月くらい前から
47052,1ヵ月ぐらい前から
47055,1ヵ月前から
47057,1ヵ月前くらいから
47058,1ヵ月程前から
47059,1ヶ月から
47061,1ヶ月くらいから、
47062,1ヶ月くらい前から
47063,1ヶ月くらい前から、
47064,1ヶ月くらい前に突き指をしてから
47065,1ヶ月ほど前から
47074,1ヶ月ほど前から、
47080,1ヶ月位前から、
47081,1ヶ月前から
47086,1ヶ月前から、
47088,1ヶ月前ぐらいから、
47089,1ヶ月前より
47091,1ヶ月程前から
47093,1ヶ月程前から、
47095,1周間ほど前から
47096,1年くらい前から
47111,1年くらい前から、
47113,1年ぐらい前から、
47115,1年ほど前から
47147,1年ほど前から、
47156,1年ほど前に現在の事務仕事に転職してから、
47157,1年以上前から
47161,1年位前から
47164,1年位前より
47166,1年前から
47186,1年前くらいから
47191,1年前くらいから、
47193,1年前ぐらいから
47197,1年前位から
47198,1年半ほど前から
47199,1年半前から
47201,1年半前くらいから、
47203,1年半前の産後から
47204,1年程前から
47214,1年程前から、
47215,1日3錠から
47217,1日中布団から
47218,1日前から、
47219,1日目の後半から
47220,1時間から
47225,1月あたりから
47226,1月から
47229,1月ころから、
47232,1月中旬ごろから、
47233,1月中旬より、
47234,1月初旬から、
47235,1月前から
47236,1月半ばから
47239,1月半ばくらいから
47240,1月程前から、
47241,1月頃から
47242,1月頃から、
47244,1歳あたりから
47245,1歳ぐらいの頃から
47246,1歳の頃より
47248,1歳半から
47249,1歳半の娘が、去年の11月に保育園に入園してから
47250,1週刊前から
47253,1週間くらい前から
47255,1週間ぐらい前から
47257,1週間ぐらい前から、
47258,1週間ほど前から
47267,1週間ほど前から、
47271,1週間前から
47289,1週間前から、
47291,1週間前くらいから
47292,1週間前ぐらいから
47293,1週間前程から
47295,1週間程前から
47299,1６週頃から
47300,1～2ヶ月前から
47301,"2,3ヶ月前から"
47302,"2,3年前あたりから、"
47303,"2,3年前から"
47306,"2,3年前くらいから"
47307,"2,3年前ほどから"
47308,"2,3日前から、"
47309,2-3ヶ月前から、
47311,2-3ヶ月程前より
47312,2.0から、
47313,2.3ヶ月前から
47314,2.3年ほど前から
47315,2.3年前から
47316,2.3日前から
47317,2/3(金)より
47318,2005年夏頃から
47319,2006年から
47320,2010年頃より
47321,2012年頃から、
47322,2013年から
47325,2014年頃から
47326,2015.10〜/夫の精子をのどに受けてから
47329,2015年2月頃から
47330,2015年、夏頃から
47332,2015年の5月くらいから
47333,2015年中頃から
47334,2016年11月より
47335,2016年12月5日の起床時から
47336,2016年12月から
47337,2016年1月頃より
47338,2016年4月ごろより
47339,2016年の11月ごろから、
47340,2016年の6月ごろから
47342,2016年の約秋頃から、
47343,2016年春頃より、
47344,2016年暮れ頃から、
47345,2016年秋頃から、
47346,2017年1月あたりから、
47347,2017年1月の終わり頃から
47351,2017年1月頃から
47352,2017年の今年に入ってから、
47354,2017年１月から
47356,20:00頃から
47358,20を過ぎてから、
47359,20ミリから
47360,20代から
47366,20代の前半頃から
47367,20代の女です
47371,20代の頃から
47372,20代を超えてから
47373,20代前半から
47374,20代前半から、
47375,20代半ば頃から
47376,20代後半から
47382,20代後半になってから、
47383,20代過ぎから
47384,20年ほど前から
47386,20年以上前から
47387,20年以上前から、
47388,20年前から
47390,20年前より
47391,20歳から
47392,20歳くらいから
47393,20歳になってから
47394,20歳の頃から
47396,20歳を超えた頃から
47397,20歳を過ぎた頃から、
47398,20歳を過ぎてから
47399,20歳前後から
47401,20歳頃から
47402,20歳頃から、
47403,21日から
47405,22歳頃から
47406,23才になった頃から、
47407,23歳ごろから
47408,23歳男です
47412,24歳男性半年前から
47413,24歳頃から
47414,25年くらい前から
47415,25歳くらいから
47416,25歳頃から
47418,29歳女
47420,2、3年前から
47421,2、3年前から、
47422,2、3日前から
47424,2、3日曜前から、
47425,2〜3ヶ月前から、
47426,2〜3年ほど前から
47427,2〜3年前から
47428,2〜3年前から、
47431,2〜3年程前から、
47432,2〜3日前から
47433,2〜3日前から、
47434,2〜3週間くらい前から、
47438,2〜3週間ほど前から
47439,2〜3週間前から、
47440,2か月ぐらい前から
47441,2か月ごろから
47442,2か月ほど前から、
47444,2か月以上前から
47445,2か月前から
47446,2か月前から10日間ぐらい続いてから
47447,2か月程前から
47449,2カ月ほど前から、
47451,2カ月前から
47456,2ケ月ほど前から
47457,2ヵ月くらい前から
47458,2ヶ月から
47459,2ヶ月くらい前から
47460,2ヶ月ぐらいの頃から、
47462,2ヶ月ぐらい前から
47463,2ヶ月ほど前から
47469,2ヶ月ほど前から、
47475,2ヶ月ほど前より、
47476,2ヶ月前から
47487,2ヶ月程前から
47492,2ヶ月程前から、
47494,2回サラ金から
47495,2回目の投与後から
47497,2年くらい前から
47505,2年くらい前から、
47510,2年ほど前から
47533,2年ほど前から、
47549,2年ほど前より、
47550,2年位前から、
47551,2年前から
47568,2年前くらいから
47570,2年前くらいから、
47571,2年前ぐらいから
47574,2年前の夏頃から
47575,2年前ほどから
47578,2年前位から、
47581,2年前程から
47582,2年前程より、
47584,2年前？の頃から
47585,2年半ほど前から
47586,2年半前から
47587,2年半前くらいに子育てを始めだしてから
47588,2年程前から
47597,2年程前から、
47598,2度ほどきてから
47599,2日くらい前から
47602,2時から
47604,2時間から
47605,2時間後位から
47606,2月10日から
47607,2月11日ごろから
47608,2月23日から
47610,2月2日のお昼頃から
47611,2月から
47613,2月に入ってから
47615,2月上旬から
47616,2月下旬から
47618,2歳から
47619,2歳のころから、
47620,2歳の頃から
47621,2歳半の娘は保育園に通うようになってから
47622,2歳過ぎた頃から、
47623,2歳頃から
47624,2歳頃から、
47625,2週間から
47627,2週間くらい前から
47628,2週間くらい前から、
47630,2週間ぐらい前から
47631,2週間ほど前から
47650,2週間ほど前から、
47654,2週間ほど前より
47655,2週間前から
47660,2週間前から、
47662,2週間前くらいから
47665,2週間前ぐらいから
47666,2週間前上司に仕事に対する姿勢を怒られてから、
47667,2週間程前から
47669,2週間程前から、
47670,2，3日ほど前から
47671,2～3年前から
47673,2～3年前くらいから
47674,2～3日前から
47675,2～3日前から、
47676,2～3週間前から
47678,3-4年前から
47679,30代から
47680,30代になった頃から、
47681,30代になってから
47684,30代になってから、
47685,30代に入ってから、
47686,30代の時から
47687,30代より
47688,30代半ば頃から、
47690,30代後半から、
47691,30分から
47692,30年位前から
47693,30才で25才頃から、
47694,30日から
47697,30歳で二年前くらいから
47699,30歳を過ぎてから、
47701,32歳で下の子を出産してから、
47702,33歳を超えたころから、
47703,35度台から
47704,36.4℃ぐらいから
47705,36週あたりから
47706,37.0度から
47708,37歳男性　1年くらい前から
47709,38度５分から
47710,38週から
47711,3~4年前から
47713,3、4年くらい前から、
47714,3〜4年前から
47716,3〜4年前から、
47721,3から
47725,3か月くらい前から
47726,3か月くらい前から、
47727,3か月前から
47730,3カ月ほど前から
47731,3カ月前から
47733,3カ月前より
47734,3キロほど減り、悪阻が終わってから
47735,3ヶ月〜半年前より
47736,3ヶ月から
47737,3ヶ月くらい前から
47738,3ヶ月くらい前から、
47740,3ヶ月ほど前から
47750,3ヶ月ほど前から、
47754,3ヶ月位前から
47756,3ヶ月前から
47776,3ヶ月前の11月頃から
47777,3ヶ月前辺りから
47778,3ヶ月程前から
47780,3ヶ月程前から、
47781,3年くらい前から
47783,3年くらい前から、
47786,3年ほど前から
47805,3年ほど前から、
47812,3年位前から、
47813,3年前から
47829,3年前くらいから
47833,3年前ぐらいから
47835,3年前ほどから
47836,3年前より
47837,3年生になってから
47838,3年程前から
47849,3日くらい前から
47851,3日ほど前から
47858,3日ほど前から、
47859,3日前から
47864,3日前から、
47867,3日前くらいから、
47868,3日前ぐらいから
47870,3日前ぐらいから、
47871,3日前ほどから、
47874,3月1日から
47876,3月から肉芽のようなものができてしまい、治療などしているのですが
47878,3月くらいから
47879,3月の上旬頃から、
47880,3月より
47881,3月末から
47882,3歳ごろから、
47883,3歳になった頃から
47884,3歳のころから
47885,3歳の頃から
47886,3歳頃から
47887,3週間ほど前から
47888,3週間ほど前より、
47889,3週間前から、
47890,3週間前くらいから、
47891,3～4ヵ月前から
47892,3～4年ほど前から
47893,3～4年前から
47894,3～4日前から
47895,4.5年ほど前より、
47896,4.5年前から、
47897,4/26から
47898,40代になってから
47900,40代を過ぎた頃から、
47901,40日から
47902,40歳になったころから、
47905,40歳を過ぎたころから、
47908,40歳を過ぎてから、
47910,40歳代後半頃から
47912,41歳の頃から
47913,45kg代から
47915,45歳を超えてから
47916,47歳主婦です
47919,4〜5年前から
47920,4か月ほど前から
47922,4か月前から
47925,4ヶ月前から
47926,4ヶ月前から、
47927,4ヶ月程前から、
47928,4年から
47929,4年くらい前から
47930,4年ほど前から
47935,4年ほど前から、
47937,4年位前より
47938,4年前から
47944,4年前から、
47946,4年前くらいから
47948,4年前ぐらいから
47949,4年前にリタイアしてから
47950,4年前ほどから
47952,4年前より
47953,4年程前から
47954,4年程前から、
47955,4日ほど前から
47956,4日前から
47961,4日前の23日より
47962,4日程前から
47963,4月9日より
47964,4月から
47969,4月の4日から
47970,4歳の娘が先々週くらいから
47971,4歳少し前くらいから
47972,4～5年前から
47975,4～5年前から、
47976,"5,6年ほど前から、"
47977,5.6年前から
47978,50代から
47979,50代に入ってから
47980,50歳になった頃から、
47981,50歳を超えてから、
47982,50歳を過ぎてから
47983,54歳、昨夜から
47984,58キロから
47985,5か月くらい前から
47988,5と閉経時の数値より
47989,5ヶ月前から
47991,5ヶ月頃から
47993,5年くらい前から
47995,5年ぐらい前から
47997,5年ほど前から
48012,5年ほど前から、
48026,5年以上前から
48031,5年前から
48035,5年前から、
48036,5年前くらいから
48041,5年前くらいから、
48042,5年前ぐらいから
48043,5年前ぐらいから、
48044,5年前に出産してから
48045,5年前に離婚してから
48046,5年前ほどから
48048,5年前位から
48050,5年程前から
48053,5年程前から、
48054,5日ほど前から、
48055,5日前から
48056,5月から
48058,5月に出産してから、
48059,5月頃から
48060,5歳ごろから
48062,5歳の娘が2歳くらいから
48063,5程前から、
48064,5～6年前から、
48065,63歳の母年前から、
48066,65歳男性
48068,6ヶ月頃から
48069,6年ほど前から
48074,6年前から
48077,6年生から
48078,6日後から
48079,7.8から
48080,7〜8年前から
48081,7ヶ月の終わり頃から
48082,7ヶ月前から
48083,7ヶ月頃から
48084,7年ぐらい前から
48085,7年ほど前から
48089,7年前から
48091,7年程前から
48092,7日から
48097,7月終わりから
48098,85歳ぐらいから
48100,8か月前から
48102,8年くらい前から
48104,8年ほど前から
48107,8年前から
48110,8年前以上から
48111,8年程前から、
48112,8時45分から
48113,8月から
48115,8月頃から
48121,9月から
48124,9月上旬から
48125,9月初旬より
48130,9月後半より
48131,9月頃から、
48132,9歳の頃から
48137,MRIを撮ってから
48141,℉前から
48142,　今年に入りましてから
48143,　夕食後から
48144,　子供の頃から
48145,　数年前から
48147,　数年前から、
48151,「銀のベンザブロック」を飲んでから
48152,『自殺しようかな』と軽く考えてしまってから
48155,あの時から
48159,ある日から
48160,ある日から、
48162,ある時から
48164,あんまり太ってなかった中学生のころから
48165,いいのでしょうか？一昨年から
48166,いい治療法や普段から
48167,いってから
48168,いつから→幼い頃から
48171,いつからかわからないほど前から
48172,いつから：半年前から
48175,いつから：１年前の１月から
48179,いつも挿入してから
48180,いつも測る時間まで待ってから
48181,いつ頃から
48183,いつ頃から、
48184,おとついから、
48185,おとといから
48187,おとといから、
48188,おとといの夜から
48191,お正月くらいから、
48192,お風呂に入ってる時から
48196,かなり前から
48202,きのうから
48204,けっこう前から
48205,げりがなおらないです　
48207,"ここ1,2ヶ月で朝起きてから"
48210,ここ1ヶ月くらい前から、
48211,ここ1ヶ月ほど前から、
48212,ここ1年くらい前から
48213,ここ1年位から朝起きてから
48214,ここ1年前から
48215,ここ1年程から
48217,ここ1月前くらいから
48218,ここ1週間くらい前から
48220,ここ2〜3ヶ月くらい前から
48222,ここ2〜3年以前より
48223,ここ2〜3日前から、
48225,ここ2週間前ほどから
48226,ここ40代後半から、
48227,ここ一ヶ月くらいから、
48228,ここ一年くらい前から、
48230,ここ半年くらいから、
48231,ここ半年ぐらい前から、
48232,ここ半年位前から
48233,ここ半年前から、
48234,ここ半年前ほど前から
48235,ここ半月ぐらいから
48236,ここ数か月ほど前から、
48237,ここ数か月前から
48238,ここ数ヶ月前から
48239,ここ数年前から
48240,ここ数年前から、
48241,ここ数日前から
48242,ここ最近から
48243,ここ１年くらい前から、
48244,ここ１～２年ほど前から、
48245,ここ２ヶ月ぐらい前から
48247,ここ２～３年前より
48248,ここ２～３週間前から
48249,ここ３年くらい前から
48250,こちらに来てから
48251,こどもの頃から
48253,このようなことはなく、室内での仕事に変わってから
48254,この仕事を始めてから、
48255,この数日前から、
48256,この時期になってから
48258,この治療を始めてから、
48259,この症状が出始めてから、
48260,この間の最後の生理が10月29に終わってから
48261,この関東に来てから
48265,こんな日々から
48266,こんにちは
48270,こんにちは。3年くらい前から
48271,こんにちは。この一週間くらい前から
48272,こんにちは。半年前から、
48273,こんにちは。私は15歳くらいから
48274,こんにちは。１年くらい前から
48275,しばらく前から
48277,すでに痛くなってから
48278,ずっと前から
48283,その2～3日後から
48284,そのうえ最終生理が終わってから
48285,そのお薬を飲んでから
48287,そのころより
48288,その以前から
48290,その前から
48291,その夕方から
48292,その当初から
48293,その後、出産してから
48294,その後から
48305,その時々により
48306,その時から
48310,その時により
48312,その時期から
48313,その直後から
48314,その翌日から
48318,その頃から
48327,それがあってから、
48328,それとも再び病院で診察してもらってから、
48329,それらを止めてから
48330,それ以前から
48332,だいぶ以前から、
48333,だいぶ前から
48334,だいぶ前から、
48337,ちょうど1年前に転職してから、
48338,ちょうど同じ時期から
48339,ちょうど昨年から
48340,ついた瞬間、断裂していたところから
48341,つい一ヶ月前から
48343,つい先日から、
48344,つい２週間程前から
48345,つき合ってから
48346,つわりが始まったころから
48347,どうしたらいいでしょうか？
48349,どうすればいいでしょうか？2年ほど前から
48353,どこか遠くから
48354,どのくらいの年齢から
48357,なんとなく、一年前くらいから、
48358,はじめから
48360,ひっかいた時により
48361,ひと月ほど前から
48363,ひと月ほど前から、
48365,ふだんから
48369,また胎動を感じ始めてから、
48372,まだ６歳だから
48373,もう10年以上前から、
48374,もう1年以上も前から、
48375,もう2〜3年も前から、
48377,もうかなり前から、
48379,もうだいぶ前から
48380,もう何ヶ月も前から
48381,もう何年も前から
48388,もう２０年以上前から
48389,もう５年ほど前から
48390,もっと前から
48391,やめてから
48393,インフルエンザにかかってから
48394,インフルエンザの予防接種を受けてから
48395,オペ当時から、
48396,カンジタが妊娠してから
48397,ガスストーブの前から
48399,コンタクトをしてから
48400,ジョギングを始めてから
48401,ステージ3から
48402,スマホに替えてから
48403,スマホを所持してから
48404,タバコをやめてから
48405,タバコを吸い始めてから
48409,チョコレート、粒胡椒、胡麻など小さい頃から
48410,テレビを見ている時から、
48411,デスクワークを始めてから
48412,デベソに気付いてから、
48414,トイレをある程度我慢してから
48415,ドライヤーで乾かしてから
48421,ハイな気分、
48425,パートもせず、主婦業1本になってから
48427,ピルを処方されたりホルモン注射を打ってもらってから
48428,ピルを服用するのをやめてから、
48429,ピルを辞めてから、
48430,ピルを飲み始めてから
48431,フリーになってから
48432,ホルモン剤を服用してから
48434,メガネで生活していたころより
48435,メガネを装着するようになってから
48436,ヨーグルトを食べてから
48437,レーシックを受けてから
48438,・1週間前くらいから、
48441,一か月くらい前？から
48442,一か月ほど前から
48452,一か月ほど前から、
48454,一か月前から
48459,一か月前から、
48461,一か月前頃から
48462,一ヵ月ほど前から
48463,一ヶ月くらい前から
48467,一ヶ月ほど前から
48481,一ヶ月位前から
48482,一ヶ月前から
48491,一ヶ月前くらいから、
48492,一ヶ月前ぐらいから
48493,一ヶ月半位前から
48494,一ヶ月半前から
48496,一ヶ月程前から
48500,一人暮らしになってから
48501,一人暮らしを始めてから
48506,一人暮らしを始めてから、
48507,一年〜半年くらい前から、
48509,一年くらい前から
48516,一年ぐらい前から
48517,一年ほど前から
48539,一年ほど前から、
48546,一年以上前から
48549,一年前から
48569,一年前から、
48572,一年前くらいから
48574,一年前くらいから、
48575,一年前ごろから
48576,一年前位から
48577,一年前頃から、
48578,一年半ほど前から
48579,一年半まえから、
48580,一年半前ほどから、
48581,一年程前から
48585,一年程前から、
48590,一度なってから
48591,一度にやめて忙しくなってから
48592,一度臭いと言われてから、
48596,一昨年から
48599,一昨年ぐらいから
48603,一昨年ごろから
48604,一昨年の6月より
48605,一昨年の9月から
48606,一昨年ほど前から
48607,一昨日あたりから、
48609,一昨日から
48617,一昨日くらいから
48618,一時期より
48620,一時間から
48625,一月ほど前から、
48627,一月前から
48629,一月前くらいから
48632,一月程前から
48633,一歳ごろから
48634,一歳になった頃から
48635,一歳の時から
48640,一番ひどい頃から
48641,一週間から
48643,一週間くらい前から
48644,一週間くらい前から、
48646,一週間ぐらい前から
48647,一週間ほど前から
48655,一週間ほど前から、
48659,一週間前から
48676,一週間前から彼氏の浮気が発覚してから
48677,一週間前くらいから、
48678,一週間前ぐらいから
48679,一週間前位から
48680,一週間程前から
48683,一週間程前から、
48687,七ヶ月頃から
48688,三ケ月ほど前から、
48690,三センタから
48691,三ヶ月くらい前から
48693,三ヶ月ほど前から
48695,三ヶ月ほど前から、
48698,三年ほど前から
48702,三年ほど前から、
48704,三年前から
48707,三年前に社会人になってから、
48708,三年程前から
48709,三年～四年ほど前から、
48711,三日前から
48712,三日前の夕方から
48713,三週間ほど前から
48715,三週間ほど前から、
48716,上140から
48717,下80から
48718,下の子の産後から
48723,中学1年生の頃から
48724,中学2年のはじめ頃から、
48725,中学3年生ぐらいの時から
48726,中学に入学してから
48727,中学のころから
48728,中学の時から
48730,中学の頃から
48735,中学二年生のころから
48736,中学校に入学してから、
48737,中学校の時から
48738,中学校の時から、
48739,中学生くらいの時から、
48740,中学生ぐらいの時から
48741,中学生になったこどもが、二学期になってから
48742,中学生になったころから、
48743,中学生のころから
48748,中学生のころから、
48751,中学生の時から
48760,中学生の頃から
48778,中学生の頃から、
48782,中学生位の頃から
48783,中学生頃から
48785,中学１年の２学期頃から
48786,予定日から
48790,予定日より
48795,予定日経過から
48796,予定（３０日周期）より、
48797,予期不安から
48798,予防接種の次の日から
48799,二、三ヶ月前から
48800,二、三年ほど前から
48801,二、三年前から、
48802,二か月前から
48803,二カ月くらい前から、
48804,二ヶ月ほど前から
48806,二ヶ月ほど前から、
48807,二ヶ月前から
48811,二ヶ月前くらいから、
48813,二ヶ月後から
48814,二ヶ月程前から
48815,二十代後半になってから、
48816,二十歳を過ぎてから
48817,二年ほど前から
48819,二年ほど前から、
48823,二年前から
48829,二年前から、
48832,二年前くらいから
48833,二年前ぐらい前から
48834,二日ほど前から
48835,二日前から
48837,二週間くらい前から
48838,二週間ほど前から
48840,二週間ほど前から、
48845,二週間以上前から、
48846,二週間前から
48851,二週間前ほど前から
48852,二週間程前から
48853,五年ほど前から、
48854,五年ほど前より、
48855,五年前から
48856,今から
48873,今より
48884,今年1月から
48885,今年2月頃から
48888,今年から
48898,今年くらいから
48899,今年になってから
48901,今年に入ってから
48919,今年に入ってから、
48925,今年の1月から
48926,今年の1月くらいから
48927,今年の1月始めから、
48928,今年の2月頃から
48929,今年の3月に第1子を出産してから、
48930,今年の4月頃から
48931,今年の5月から
48932,今年の6月から
48935,今年の7月から
48940,今年の初めから
48941,今年の初め頃から
48943,今年の始めから
48944,今年の１月あたりから、
48945,今年の１月から、
48946,今年の１月頃から
48947,今年の３月ごろから
48948,今年の５月から
48949,今年の５月ごろから、
48950,今年三月中旬から、
48951,今年入った頃から
48952,今年度に入ってから
48953,今年４月に海外に住み始めてから、
48956,今度は２、３日前くらいから
48957,今日から
48958,今日学校から
48959,今月3月に入ってから
48960,今月から
48964,今月に入ってから、
48966,今月の3日から
48968,今月初旬頃から、
48969,今月１歳になる娘の事です
48973,今朝から
48974,今朝起きた時から
48977,今週から、
48978,今週月曜から
48979,今週月曜日から
48982,仕事が忙しくなってから
48983,仕事の前日の夜から
48984,仕事を変えてから
48985,仕事を始めて3カ月くらいから
48986,仕事を辞めて収入が不安定になってから
48987,仕事中など普段から
48988,仕事中に尿意を感じてから
48989,以前から
49039,以前から、
49045,以前は始まってから
49046,以前より
49102,以前より、
49104,以前引っ越しの際に重いもの(冷蔵庫など)を運んでから、
49105,以前親から
49106,以降から
49107,休みが明けてから
49108,休日の午前中から
49109,休職を開始してから、
49110,会社を不当解雇にあってから、
49111,位から
49112,低温期から
49113,体が火照っている感じ翌日から
49114,体調がおかしくなってから
49115,体調は大丈夫なのですが妊娠してから、
49116,何か常日頃から
49117,何か負担があるのでしょうか？家に帰ってきてから
49118,何が原因なのでしょうか？それから朝起きてから
49119,何ヶ月か前から
49120,何年か前から
49121,何年か前から、
49124,何年も前から
49125,何年も前から、
49127,何年前から
49130,何月ごろから
49132,何歳頃から
49133,便が水っぽくなる
49135,便を出してから
49136,保育園に行き始めた頃からだから、
49137,倒れた数日後から
49138,傷が癒えてから
49139,先々月くらいから
49141,先日から
49143,先日より
49145,先日健康診断の結果から、
49146,先月、退院してから
49147,先月から
49161,先月から、
49164,先月くらいから
49165,先月ごろから、
49166,先月に行為をしてから
49167,先月より
49168,先月より、
49169,先月下旬あたりから
49170,先月末頃から
49171,先生が変わってから
49174,先週あたりから
49175,先週から
49193,先週から、
49194,先週くらいから
49196,先週くらいから、
49197,先週の月曜日から
49198,先週の月曜日から、
49199,先週の週始め頃から、
49200,先週の金曜日から、
49201,先週インフルエンザをしてから、
49202,先週初めから
49204,先週辺りから
49205,入浴後から
49206,入浴時から
49207,入院中から
49208,入院前より
49209,冬になって寒くなってから、
49215,出産してから
49235,出産してから、
49241,出産してから生理の臭いがきつくなり終わってから
49242,出産をしてから
49243,出産を終えた一年ほど前から
49244,出産一週間前から
49251,出産後から
49253,出産後から、
49254,出産後より
49256,出産後より、
49257,出産直前から
49258,切除済、2年前から
49260,初めから
49261,初日から
49264,初期から
49265,初期の頃から
49267,初経の頃より
49269,前々から
49274,前から
49333,前にやめて様子を見てから
49334,前の生理終了後から
49335,前より
49346,前回の生理が始まった日から
49347,前回の生理が終わってから
49349,前回の生理終了後から
49352,前回の生理開始日から
49354,前回予定より
49355,前回生理開始日より
49356,前日より
49359,加えて喋っている途中から
49360,勤めてから
49361,医師曰く「飲んでも飲まなくても変わらないくらいの投薬量」になってから
49363,十代のころから
49364,十代の頃から
49368,十年くらい前から、
49369,十年前(高校生)から
49370,午後から
49383,半年くらい前から、
49388,半年ぐらい前から
49392,半年ぐらい前から、
49396,半年ぶりくらいに、準備運動をしてから
49397,半年ほど前から
49433,半年ほど前から、
49442,半年ほど前より、
49443,半年以上前から
49446,半年以上前から、
49449,半年以上前に出産してから、
49450,半年以上前より、
49451,半年位前から
49453,半年前(2016年8月)から
49454,半年前から
49502,半年前から、
49509,半年前くらいから
49510,半年前くらいから、
49513,半年前に出産をしてから、
49514,半年前に辞職してから
49515,半年前ほどから
49516,半年前より、
49518,半年前位から、
49519,半年程から
49520,半年程前から
49521,半年程前から、
49523,半年程前より、
49524,半年？ほど前から
49525,半日から
49527,半月ほど前から
49529,去年12月から
49530,去年4月から
49532,去年、事故をしてから
49533,去年あたりから
49540,去年あたりから、
49542,去年から
49552,去年から、
49557,去年からデスクワークをし出してから
49559,去年ぐらいから
49561,去年ごろから
49562,去年の10月ごろから
49563,去年の10月頃から
49564,去年の10月頃から、
49565,去年の12月から、
49566,去年の12月終わりごろから、
49567,去年の12月頃から、
49568,去年の1月の年始頃から
49570,去年の2月ころから
49571,去年の4月から
49572,去年の5月くらいから、
49573,去年の6月頃から
49574,去年の7月頃から
49575,去年の8月から、
49576,去年の8月頃から
49578,去年の9月ごろから、
49579,去年の今頃から、
49580,去年の冬頃から、
49583,去年の夏頃から
49591,去年の年末あたりから、
49593,去年の春頃から、
49594,去年の秋頃から
49598,去年の秋頃から、
49599,去年の１月に出産してから
49600,去年の７月から
49601,去年より、
49602,去年一年間から
49603,去年辺りから、
49604,去年８月あたりから
49605,友達が1年前くらいから
49606,受験生時代から
49607,同じくらいの時期から
49608,同じぐらいの時期から
49609,同じ位の時期から
49610,同じ時期から
49611,同じ頃から、
49612,同年代の奥さんについての相談ですが…一年前位から、
49613,吹き始めてから
49614,四か月前ほど前から
49617,四年ほど前から、
49618,四年前から
49620,四年前から、
49621,四月から
49626,回数を減らすことは可能でしょうか？
49628,土曜日から
49629,基準値とされる1.2より
49631,塗ってから
49632,夏頃から
49639,夏頃より
49640,夕方から
49666,夕方頃から
49668,夕方６時ごろから
49669,夜11時くらいに寝てから
49671,夜11時ごろから
49672,夜から
49673,夜になってから、
49675,夜より
49676,夜中の２時頃から
49677,夜勤終わりに家に帰ってきてから
49678,夜布団に横になってから
49680,夢がリアルすぎて朝起きてから
49686,大人になってから、
49687,大体3年前くらいから
49688,大体夕方から
49689,大学に入ってから
49691,大学に入学してから
49692,大学に入学し一人暮らしを始めてから
49693,大学受験へ向けて勉強していた頃から、
49694,大学生になってから
49695,大学生になってから、
49696,大学生の頃から
49699,大学院に通う頃から
49703,天気が悪くなる前くらいから
49705,夫がお腹いっぱい食べてから
49709,妊娠28週くらいから
49710,妊娠3ヶ月から
49711,妊娠5ヶ月〜6ヶ月頃から、
49713,妊娠8ヶ月くらいから
49714,妊娠がわかった頃から
49715,妊娠がわかってから
49716,妊娠してから
49725,妊娠してから、
49728,妊娠中から
49737,妊娠中から、
49738,妊娠中の対策として、妊娠していない時から
49739,妊娠中期から
49740,妊娠中期に入ってから、
49741,妊娠初期から
49746,妊娠前から
49752,妊娠前より
49753,妊娠時期から
49754,妻が胆のうを摘出してから
49755,始まってから
49758,子どもが卒乳した頃から、
49759,子どもが生まれてから
49760,子どものころから
49762,子どもの頃から
49777,子どもの頃から、
49779,子どもをおろしてから、
49780,子どもを産んでから
49781,子作りを始めてから
49782,子作りを始めてから、
49783,子供2人連れていたのに身動きが取れなくなってから
49784,子供ができたのがわかった時から
49785,子供が幼稚園に通うようになってから
49786,子供が生まれてから
49787,子供のころから
49795,子供のころから、
49796,子供の時から
49808,子供の頃から
49841,子供の頃から、
49855,子供の頃より
49857,子供を8ヵ月前に帝王切開で出産してから、
49858,子供を出産してから
49859,子供を出産してから、
49860,子供を産む前から、
49862,子供を産んでから
49866,子供を産んでから、
49867,子供時代から
49868,子育てを始めてから
49870,学校を卒業してから、
49871,学校保健法の目安の休養期間より
49872,学生の頃から
49878,学生の頃から、
49879,学生時代から
49883,学生時代から、
49885,安定期に入ってから
49889,家の階段の一番上から
49890,家族で出かけた際に子供を長時間だっこしてから、
49893,寒くなってから
49894,寒くなってきてから
49895,寝つきが悪く、寝床に着いてから
49897,寝てから
49900,小3の後半から
49901,小さいころから
49912,小さいころから、
49913,小さい時から
49924,小さい頃から
49957,小さい頃から、
49962,小さなころから
49963,小さなイボのようなものが生まれた時から
49964,小さな頃から
49966,小学4年生から
49967,小学5年生くらいから、
49968,小学校3年生の頃から、
49970,小学校4年の頃から
49974,小学校に入る前から
49975,小学校のころから
49976,小学校の時から、
49980,小学校の頃から、
49981,小学校中学年ぐらいから
49983,小学校中学年ごろから
49987,小学校高学年から
49988,小学校高学年の頃から
49989,小学生くらいの頃から
49992,小学生になってから
49993,小学生のころから
49996,小学生のころから、
50000,小学生のころより
50002,小学生の時から
50009,小学生の時に初めて生理が来てから、
50010,小学生の頃から
50025,小学生の頃から、
50026,小学生低学年程の頃から
50027,小学４年生から
50028,小学５年生ぐらいから
50029,小学６年生の時から
50030,少しお茶を飲んでから
50038,少し前から
50047,少し前から、
50050,少し家事などをしてから
50051,少し経ってから
50052,就職をしてから
50053,尿意を感じてから
50055,尿意を感じてから、
50056,布団に入ってから
50065,布手袋をしてから
50066,帝王切開で出産してから
50067,常日頃から
50068,平成28年11月頃より、
50069,平成28年4月より
50070,平成２６年７月３日より
50072,年が明けてから、
50073,年明けから
50076,年明けくらいから
50077,年末から
50083,年末ぐらいから
50084,年末辺りから
50087,幼いころから
50089,幼いころから、
50090,幼い頃から
50102,幼い頃から、
50107,幼少の頃から
50110,幼少の頃より
50111,幼少時代から
50112,幼少期から
50132,幼少期から、
50133,幼少期の頃から
50134,幼少期より
50137,幼稚園に通いはじめてから
50138,幼稚園の頃から
50139,床に10分ぐらい座ってから
50140,引っ越しして静岡県の富士宮に来てから
50141,引っ越してから
50142,引っ越し母乳が終わった頃から
50145,当初から
50146,当初より
50149,当時より
50150,後期に入ってから
50151,心療内科に通院して、投薬治療を始めてから
50152,心臓の穴がふさがらなかった場合大きくなってから
50153,心臓の鼓動がある時から
50154,忙しくなった頃から
50155,思い始めてから
50156,思春期の時期から
50157,急に異常な尿意が襲ってきて
50162,感覚がなかった時より
50163,成人した頃から
50164,授乳が終わってから
50165,排卵日あたりから
50172,排卵日前後から
50173,排卵時から
50174,改善方法や日頃から
50175,数か月ほど前から、
50177,数か月前から
50181,数か月前から、
50182,数か月後から
50187,数ヶ月ほど前から
50188,数ヶ月前から
50212,数ヶ月前から、
50221,数ヶ月前より、
50223,数ヶ月頃から
50227,数年ほど前から、
50229,数年前あたりから
50230,数年前から
50334,数年前から、
50351,数年前より
50356,数年前より、
50357,数年前右ひじを強打してから、
50358,数度、一年ほど前から
50359,数日から
50362,数日前から
50380,数日前から、
50382,数日前に排便をしてから
50383,数日前より
50387,数日後より
50388,数秒から
50392,数週間前から
50399,断薬から２週間ほどしてから、
50400,新しい仕事を始めてから
50401,日々仕事から
50404,日ごろから
50409,日ごろからから
50410,日により
50414,日中から
50417,日中寝るようになってから
50418,日中眠かったり、家に帰ってから
50419,日付が変わってから、
50420,日常から
50421,日曜から
50424,日本に来てから
50425,日本へ帰ってきて3日ほど経ってから
50426,日頃から
50454,早い時期から
50455,昔、教室で恥ずかしい思いをしてから、
50456,昔から
50566,昔から、
50572,昔より
50578,春先から
50580,昨夜から
50584,昨年10月より、
50585,昨年11月あたりから、
50587,昨年11月から
50589,昨年11月くらいから
50590,昨年11月より、
50591,昨年11月頃から
50593,昨年11月頃から、
50595,昨年12月から
50598,昨年12月くらいから、
50599,昨年1月の臨月の時から
50600,昨年2月頃より
50601,昨年5月に仮面ライダーゴーストで、人は絶対に死ぬという内容を見てから、
50602,昨年5月末から
50603,昨年6月頃から
50604,昨年8月から
50605,昨年あたりから
50608,昨年あたりから、
50609,昨年から
50632,昨年から、
50637,昨年の10月くらいから、
50639,昨年の12月から
50640,昨年の12月頃から、
50641,昨年の1月より
50642,昨年の4月から
50643,昨年の6月から
50644,昨年の7月中頃から
50645,昨年の8月頃から
50646,昨年の9月ごろから
50647,昨年の9月頃より
50649,昨年の冬頃から
50650,昨年の夏ころから、
50651,昨年の夏頃から
50653,昨年の夏頃から、
50655,昨年の年末より、
50658,昨年の秋頃から
50659,昨年の１０月から
50660,昨年の７月から
50661,昨年の７月頃より、
50662,昨年の８月から、
50663,昨年より
50668,昨年一月から、
50669,昨年冬頃から
50670,昨年夏頃から
50671,昨年末から
50679,昨年末くらいから
50680,昨年末くらいから、
50682,昨年末ごろから
50683,昨年末より
50684,昨年末頃から
50685,昨年末頃から、
50687,昨年秋頃から
50689,昨年辺りから
50691,昨年頃から
50695,昨年１２月頃から
50696,昨日あたりから
50698,昨日から
50737,昨日から、
50739,昨日の夕方から
50740,昨日の朝から
50744,昨日より
50745,昨日夕方から
50747,昨晩から
50753,昼から
50758,昼前辺りから
50760,昼過ぎから
50761,昼間より
50762,時々世界から
50763,時から
50764,時により
50765,時より
50767,時より、
50768,時期1週間前から
50771,時期:半年以上前から
50774,時期やアルコールを飲まない子供の頃から
50775,普段から
50842,普段より
50850,暗くなり始めてから
50852,更年期の年齢に入ってから、
50853,最後に検査を受けてから
50854,最後に生理が来てから
50855,最後の生理(11/18)から
50856,最近から
50857,最近より
50859,最近以前より
50861,最近前より
50862,最近夜布団に入ってから
50863,最近寒くなった頃から、
50864,最近年を取ってから
50865,最近数ヶ月前くらいから
50867,最近日曜日の朝から
50872,服用直後から
50873,朝おきてから
50874,朝から
50898,朝入浴した時により
50900,朝方から
50901,朝目覚まし時計の時間より
50902,朝起きた時から
50906,朝起きてから
50910,木曜日から
50911,本当に早い時期から
50912,本日夕方から、
50913,本格的に心療内科へ行き始めてから
50914,来月17日から、
50915,様子を見てもう少し成長してから
50916,様子見てから
50917,次の予定日から
50918,次の日から
50921,次回から
50922,止まってから
50923,正常範囲とよばれる周期から
50924,正月より
50926,正月明けから
50929,正月（元旦）にカニを食べてから
50930,歩き出してから
50938,母乳育児をやめてから
50939,毎回予定日から
50940,毎年2月頃から
50942,毎日、眠ってから
50944,毎日とても憂鬱で子供を保育園に送ってから
50945,毎日上司から
50948,毎日昼の12時頃から
50949,毎日朝から
50951,毎日朝五時から
50952,毎日８時間から
50954,毎月生理一週間前から
50955,気がついてから
50956,気にする年になってから
50957,気になりだしてから
50959,気になるのが妊娠してから
50960,気候が暖かくなり始めてから、
50964,治まってから
50965,海外旅行から戻ってから
50966,消化力が落ちてるのでしょうか？
50968,深夜から
50969,湯上りの着替え時など少し経ってから
50971,漢方薬をやめてから
50972,潜伏期間が発症してから
50979,無理なダイエットをしてから
50981,煙草を半年前にやめてから
50982,牛乳が大好きで小さい頃から
50983,物心ついたころから
50984,物心ついたころから、
50985,物心ついた時から
50986,物心ついた頃から
50990,特にここ7年ほど前から、
50991,特にしゃがんでから
50992,特に寒くなってから
50993,特に朝方起床してから
50994,特に生理前、1週間前くらいから
50997,環境が変わったこと、妊娠してから
50998,環境が変わってから
50999,生まれたころから
51000,生まれた時から
51006,生まれた時から、
51007,生まれてから
51016,生姜や根菜など体を温める食材を意識して取り入れるようになってから
51017,生後1か月頃から
51018,生後1ヶ月ごろから
51019,生後2か月半から
51020,生後4か月頃から
51021,生後5ヶ月の時から
51025,生後三カ月ごろから、
51026,生後二週間経たない頃から
51027,生後１ヵ月ごろから
51028,生後２ヶ月くらいから
51029,生理2週間前から
51031,生理が再開したころから
51032,生理が再開してから
51033,生理が初日に来てから
51034,生理が始まったころから
51035,生理が始まった時から
51036,生理が始まった頃から
51038,生理が始まってから
51042,生理が始まってから、
51043,生理が来るはずの日(12/20ごろ)から、
51044,生理が来る前から
51048,生理が終わって数週間経ってから
51049,生理になりはじめた年から
51050,生理になる2日前から
51051,生理の1～2週間ほど前から
51053,生理の１週間ほど前から
51054,生理の２週間前くらいから
51055,生理一週間前位から
51056,生理不順
51059,生理不順、3年ほど前から、
51060,生理予定日から
51068,生理前から
51074,生理前の二週間くらい前から
51075,生理前より
51076,生理前数日前から
51077,生理前日から
51078,生理周期より
51079,産まれた時から
51080,産まれてから
51083,産前から
51086,産前より
51087,産後1ヶ月頃から
51088,産後2か月ごろから
51089,産後2年後に生理が再開してから、
51090,産後5ヶ月くらいから
51091,産後7ヶ月くらいから
51092,産後8ヶ月も経ってから
51093,産後から
51104,産後まで待ってから
51105,産後三ヶ月から
51106,産後生理が再開してから
51107,産後約二ヶ月後から
51108,留学してから
51109,異動になった時から
51113,病気が分かってから
51114,病院に行ってから
51115,症状が出てから
51116,症状が出始めてから
51117,症状が良くなり、今まであった網膜の剥離（数ミクロンですが）が今年になってから
51118,症状が表れてから
51119,症状を意識しだしてから
51121,痛い
51124,痩せてから
51125,痺れる時は朝起きてから、
51126,発症してから
51127,発見当初より
51128,白いつぶつぶが生まれた時から
51129,皮膚科に通っていた時から
51130,直径一センチ弱くらいから
51131,直後から
51132,直後の空き巣被害に遭ってから、
51136,睡眠の質が低いのかここ半年から
51137,睡眠後２時間から
51141,社会人になってから
51147,社会人になってから、
51152,社会人になり徹夜をするようになってから、
51153,私が気付きだしてから
51154,私のアレルギーが発覚する以前から
51155,私自身１８歳ぐらいから
51156,秋頃から
51165,移植してから
51167,空いた時間もないので自覚してから
51169,立ち上がってから
51170,第二子を出産してから
51171,第２子を出産してから
51172,精神安定剤を飲んでから、
51177,約10ヶ月前から、
51178,約10年前から
51179,約11年ほど前から
51181,約12年前から、
51182,約1か月前から、
51183,約1ヶ月前から
51184,約1年ほど前から、
51187,約1年前から
51189,約1年前から、
51190,約1年半ぐらい前から
51191,約1週間前から
51192,約2か月前から
51193,約2年ほど前から
51194,約2年前くらいから
51195,約2週間ほど前から
51196,約2週間前より、
51198,約3ヵ月前から
51199,約3年くらい前から、
51200,約3年ほど前から
51201,約5年前から、
51202,約8年前から、
51204,約一年前から
51205,約一年前から、
51207,約三年前から、
51208,約五年ほど前から、
51209,約半年前から
51211,約１０年ほど前から
51212,約２年前から
51216,約３年前から
51218,約３週間前から、
51219,約７年前から
51220,紫外線療法を行っているクリニックを紹介され、その治療を始めてから
51221,結婚してから
51224,結婚当初から
51225,結婚後すぐに父がなくなってから
51226,結婚後子作りを始めてから、
51227,結構前から
51231,結構長く寝てから
51232,翌年から
51235,翌月から
51236,考えられますか？日頃から
51237,自宅に帰ってから
51238,良くあった事ですが…半月前辺りから
51243,若いころから
51246,若い時から
51247,若い頃から
51252,若い頃から、
51254,若い頃より
51258,茶おりがでてから
51259,茶色い血がおりものと一緒に出てきてから
51261,著しく下がり聞きとれないことがある等といった症状が自覚してから
51263,薬を変えてから
51265,薬を飲み始めてから
51267,薬を飲み終わってから、
51268,薬を飲んでから
51269,薬を飲んでベッドに入ってから
51271,虐めにあってから
51272,血液検査の結果ヒトパルボB19の数値より
51273,行けなかった日から
51275,行った直後から
51281,規則正しい生活（運動不足など）を送っていないからだと以前医師に言われてから
51282,視力が落ちてきた時から
51283,親知らずが出来てから
51284,親知らずが表面にで出してから、
51290,診断されてから
51293,診断をもらう前から
51295,診断を受けた時から
51296,診断前から
51297,試す前から
51298,負担のかかる運動をすると大抵、夜になってから
51300,赤ちゃんなので大人と同じように生活できるようになってから
51301,起きてから
51305,転職してから
51306,退院してから
51309,退院後2ヶ月以上が経った頃から、
51310,途中から
51315,週2から
51316,遊園地から帰ってきてから、
51317,遺伝性で発症してから
51318,避妊具を子宮内につけてから
51319,酷い時より
51320,金曜日から
51323,長時間残業とノルマの重圧で寝られない日々が続いてから、
51324,長男の赤ちゃんの時より
51325,閉経が近いのでしょうか？20代の頃から
51326,関係が終わってから
51327,関係してるのでしょうか？
51330,陰部の臭いについて
51332,陰部の袋部分が高校に入ってから
51333,険悪(入社当初から
51334,階段（コンクリート製）6段ほどから
51335,雑誌で見てから
51338,離婚)
51340,離婚を経験してから
51342,電車やバス）に乗車してから、
51343,顕微鏡を使う仕事をしてから
51345,飛行機や電車、バスなどの乗り物にのり、沖縄に帰ってきてから、
51346,食事をしてしばらく経ってから
51347,食事中から
51348,食後30分から
51349,飲み始めてから
51350,飲み始めてから、
51351,高く上げ続けている時やより
51352,高校2年生の時から、
51355,高校なってから
51357,高校の時から
51361,高校の頃から
51362,高校を卒業してから、
51363,高校を卒業し就職してから、
51365,高校三年生あたりから、
51366,高校二年辺りから
51367,高校卒業した頃から、
51368,高校卒業して田舎から都会に出て来てから、
51369,高校卒業後から
51370,高校時代から
51373,高校生くらいの頃から
51377,高校生になってから
51380,高校生のころから
51381,高校生の時から
51384,高校生の頃から
51396,高校生の頃から、
51400,高校生の頃くらいから、
51404,（24時から
51408,（300～400）、２、３年前から
51409,（3ヶ月前ぐらい）から
51410,（5月、6月、11月、1月）
51412,（8時から
51415,（三年前くらい）から、
51416,（今から
51417,（強いお薬に変更する場合）
51422,）一年ほど前から
51423,＋2.5から
51424,０才の頃から
51425,１~2年くらい前から
51426,１〜２年ほど前から、
51427,１から
51429,１か月くらい前から
51430,１か月ほど前から
51431,１か月ほど前より
51432,１か月前から
51435,１ヶ月から
51436,１ヶ月くらい前から
51438,１ヶ月くらい前から、
51439,１ヶ月ぐらい前から、
51441,１ヶ月ほど前から
51443,１ヶ月ほど前から、
51446,１ヶ月以上前から
51447,１ヶ月位前から
51449,１ヶ月前から
51452,１ヶ月前くらいから
51453,１ヶ月程前から
51456,１ヶ月程前から、
51457,１回も行かず、家に帰ってきてから
51458,１年くらい前から
51459,１年くらい前から、
51462,１年ぐらい前から、
51463,１年ほどから
51464,１年ほど前から
51475,１年ほど前から、
51476,１年以上前から、
51477,１年位前から
51478,１年前から
51487,１年前くらいから
51488,１年前ぐらいから、
51489,１年前ほどより
51490,１年前より
51491,１年前程から、
51492,１年半ほど前から
51493,１年半前に次男を出産してから
51494,１年程前から
51498,１月から
51499,１月ごろから
51500,１月上旬から
51502,１歳になった頃から
51503,１歳を過ぎてから
51504,１歳半検診の頃から
51508,１週間くらい経ってから、
51509,１週間ほど前から
51514,１週間ほど前から、
51516,１週間位前から
51518,１週間前から
51523,１週間前くらいから、
51524,１週間前ほどから、
51527,１週間前より
51528,１週間程前から
51530,１週間頃前から
51531,１．０から
51533,１０から
51534,１０代から
51535,１０代のころから
51536,１０代前半から
51537,１０年くらい前から
51538,１０年くらい前から、
51539,１０年ほど前から
51542,１０年以上前から
51543,１０年前から
51544,１０年前から、
51545,１０年前に第３児を出産してから
51546,１０年程前から
51547,１０数年前から
51548,１０日前から
51549,１０月から
51551,１１月頃から、
51552,１２年前から
51553,１２月から
51554,１２月頃から
51556,１４歳頃から
51557,１５年くらい前から
51558,１５年前ぐらいから
51559,１８の時から
51560,１８歳ぐらいの頃から
51561,１８歳の頃から
51562,１９歳頃から
51566,２、３か月前から
51567,２、３ヶ月から
51569,２、３ヶ月前から
51570,２、３年前から
51576,２〜３年前から
51577,２〜３日前から、
51578,２か月ほどほど前から
51579,２か月ほど前から
51580,２か月前から
51582,２ヶ月ぐらい前から
51584,２ヶ月ほど前から
51587,２ヶ月前から
51589,２年くらい前から
51592,２年くらい前から、
51593,２年ぐらい前から、
51597,２年ほど前から
51603,２年ほど前から、
51605,２年前、長女を出産してから、
51607,２年前から
51612,２年前くらいから
51613,２年程前から
51616,２日後あたりから
51618,２月に入ってから
51619,２月初めの頃より、
51620,２歳から
51621,２歳になった頃くらいから
51622,２歳の頃から
51623,２歳を過ぎたころから、
51624,２歳６ヶ月の息子が朝起きてから
51626,２週間くらい前から
51627,２週間ほど前から
51632,２週間ほど前から、
51634,２週間位前から
51635,２週間前から
51637,２週間前に性交渉してから
51638,２，３年前から
51640,２－３か月前から
51641,２０代ごろから
51642,２０代の頃から
51643,２０年位前から
51644,２０年前から
51646,２０年前ぐらいから
51647,２０年程前から
51648,２０日から
51649,２０時から
51651,２０歳くらいから
51652,２０歳になった頃から
51653,２０１５年９月から、
51654,２～３か月前から
51656,２～３か月前より
51658,２～３ヶ月位前から
51659,２～３ヶ月程前から
51660,２～３年ほど前から、
51662,２～３年前から
51663,２～３年前から、
51665,３、４年前から、
51666,３〜４年前から
51668,３か月くらい前から
51669,３か月前から
51676,３か月前から、
51677,３か月前くらいから
51679,３か月前頃から
51680,３カ月前から
51681,３ヶ月くらい前から
51683,３ヶ月くらい前から、
51684,３ヶ月ぐらい前から
51685,３ヶ月ほど前から
51687,３ヶ月ほど前から、
51689,３ヶ月前から
51694,３ヶ月程前から
51695,３ヶ月頃から
51696,３年くらい前から
51697,３年ぐらい前から、
51698,３年ほど前から
51703,３年ほど前から、
51707,３年以上前から
51708,３年前から
51712,３年前くらいから
51713,３年前くらい前から、
51714,３年前ぐらいから、
51715,３年前にぎっくり腰をしてから、
51716,３年前より
51717,３年前より、
51718,３年程前から
51719,３年程前から、
51720,３才くらいから
51721,３日から
51722,３日ぐらい前から
51724,３日ほど前から
51726,３日前から
51729,３日前で前回の生理が終わってから
51730,３日前位から
51731,３月１１日から
51732,３歳ぐらいから
51734,３歳ごろから
51735,３歳になった頃から、
51739,３番目が生まれてから
51740,３週間程前から
51741,３，４年前より
51743,３０代になってから
51744,３０代後半から
51745,３０代後半から、
51746,３０歳になったころから
51747,３０歳を過ぎた頃から
51748,３５歳頃から、
51749,３９歳の頃から
51750,３ｃｍから
51751,４~５年前から
51752,４、５年ほど前から
51753,４か月ほど前から、
51754,４カ月頃から
51755,４ヶ月ごろから
51756,４ヶ月前から
51757,４年ほど前から
51758,４年ほど前から、
51759,４年前から
51760,４年前ほどから
51761,４年前頃から、
51764,４日前から
51765,４月から
51769,４歳から
51770,４歳になる娘。約２年前から
51771,４，５年前から
51773,４０代になってから
51774,４～５ほど前から
51775,５、６年前から
51776,５ヶ月前ほどから
51777,５年ほど前から
51786,５年ほど前から、
51787,５年位前から
51788,５年前から
51791,５年前ぐらいから
51792,５年前ほどから
51793,５年前より
51794,５年程前から
51796,５月以降から
51798,５０歳を過ぎたころから、
51799,５３キロから
51800,５～６年ほど前から
51804,６年前から
51806,６年前に持病(SLE)を発症してから、
51807,６月くらいから
51809,６月ごろから
51810,６歳男子　1か月くらい前から
51811,７月から
51812,７，８年前から
51815,８年程前から
51816,８時３０分から
51817,８月下旬から
51818,９月に出産してから、
51820,９歳ごろから
51821,：３カ月ほど前から
